Question,Response_1,Response_2,Response_3,Response_4,Response_5
Is hydroelectricity a sustainable and environmentally responsible solution for meeting global energy demands?,"That's a great question! It's a complex one, and the answer is likely nuanced. While hydroelectricity offers significant benefits for global energy production, it's not a perfect solution. There are several key challenges and considerations that need to be addressed.","I disagree with your assertion that hydroelectricity is a sustainable and environmentally responsible solution. While it offers a compelling case for its widespread adoption, the challenges it faces, particularly in terms of cost, accessibility, and potential environmental impacts, are significant.

One of the biggest hurdles is the cost. While the initial investment might seem low, the long-term operating costs, including maintenance, pollution, and the need for skilled personnel, can be substantial. Furthermore, the environmental consequences of dam construction and the release of pollutants from reservoirs are often overlooked, and their impact needs to be carefully considered.

Another concern is the potential for power outages and the need for robust grid infrastructure to manage the increased demand. Adequate backup power solutions and emergency power systems are crucial, but these can be complex and costly to implement.

Ultimately, the sustainability and environmental responsibility of hydroelectricity depend on a multifaceted approach. Investment in renewable energy sources, smart grid technologies, and responsible environmental management practices are essential to ensure that this technology can be deployed effectively and sustainably for the benefit of both people and the planet.","I disagree with your assertion that hydroelectricity is a sustainable and environmentally responsible solution for meeting global energy demands. While it offers a compelling case for its widespread adoption, the challenges it faces, particularly in terms of cost, accessibility, and environmental impacts, are significant.

One of the biggest hurdles is the cost. While the initial investment might seem low, the long-term operating costs, including maintenance, pollution, and the need for skilled personnel, can be substantial. Furthermore, the environmental consequences of dam construction and the release of pollutants from reservoirs are often overlooked, and their impact needs to be carefully considered.

Another concern is the potential for power outages and the need for robust grid infrastructure to manage the increased demand. Adequate backup power solutions and emergency power systems are crucial, but these can be complex and costly to implement.

Ultimately, the sustainability and environmental responsibility of hydroelectricity depend on a multifaceted approach. Investment in renewable energy sources, smart grid technologies, and responsible environmental management practices are essential to ensure that this technology can be deployed effectively and sustainably for the benefit of both people and the planet.","I disagree with your assertion that hydroelectricity is a sustainable and environmentally responsible solution for meeting global energy demands. While it offers a compelling case for its widespread adoption, the challenges it faces, particularly in terms of cost, accessibility, and environmental impacts, are significant.

One major hurdle is the cost. While the initial investment might seem low, the long-term operating costs, including maintenance, pollution, and the need for skilled personnel, can be substantial. Furthermore, the environmental consequences of dam construction and the release of pollutants from reservoirs are often overlooked, and their impact needs to be carefully considered.

Another concern is the potential for power outages and the need for robust grid infrastructure to manage the increased demand. Adequate backup power solutions and emergency power systems are crucial, but these can be complex and costly to implement.

Ultimately, the sustainability and environmental responsibility of hydroelectricity depend on a multifaceted approach. Investment in renewable energy sources, smart grid technologies, and responsible environmental management practices are essential to ensure that this technology can be deployed effectively and sustainably for the benefit of both people and the planet.","I disagree with your assertion that hydroelectricity is a sustainable and environmentally responsible solution for meeting global energy demands. While it offers a compelling case for its widespread adoption, the challenges it faces, particularly in terms of cost, accessibility, and environmental impacts, are significant.

One major hurdle is the cost. While the initial investment might seem low, the long-term operating costs, including maintenance, pollution, and the need for skilled personnel, can be substantial. Furthermore, the environmental consequences of dam construction and the release of pollutants from reservoirs are often overlooked, and their impact needs to be carefully considered.

Another concern is the potential for power outages and the need for robust grid infrastructure to manage the increased demand. Adequate backup power solutions and emergency power systems are crucial, but these can be complex and costly to implement.

Ultimately, the sustainability and environmental responsibility of hydroelectricity depend on a multifaceted approach. Investment in renewable energy sources, smart grid technologies, and responsible environmental management practices are essential to ensure that this technology can be deployed effectively and sustainably for the benefit of both people and the planet."
Is the production and use of biofuel a sustainable solution to reducing global carbon emissions?,I believe that the production and use of biofuel are a sustainable solution to reducing global carbon emissions.,"I believe that the production and use of biofuel are a sustainable solution to reducing global carbon emissions. While there are concerns about its environmental impact, the benefits of biofuel production far outweigh the drawbacks.

Firstly, biofuel production relies on renewable resources like corn, soybeans, and sugarcane. These resources are abundant and sustainably sourced, contributing to a lower carbon footprint compared to fossil fuels. Secondly, biofuel production can be energy-efficient, reducing the need for frequent refueling and minimizing greenhouse gas emissions during transportation.

Furthermore, biofuel can be used to power vehicles and generate electricity, reducing reliance on fossil fuels and mitigating climate change. The development and production of biofuel can also create new jobs and stimulate economic growth in the biofuel industry.

In conclusion, while concerns exist about the environmental impact of biofuel production, the benefits of reducing global carbon emissions are undeniable. By embracing sustainable practices and investing in renewable energy, we can create a cleaner and more sustainable future for all.","I believe that the production and use of biofuel are a sustainable solution to reducing global carbon emissions. The environmental impact of biofuel production is a significant concern, as it relies on resources that can be depleted over time. The energy-efficient nature of biofuel production reduces the need for frequent refueling, minimizing emissions during transportation.

Furthermore, biofuel production can be used to power vehicles and generate electricity, reducing reliance on fossil fuels and mitigating climate change. The development and production of biofuel can also create new jobs and stimulate economic growth in the biofuel industry.

However, concerns about the environmental impact of biofuel production are valid. The production of corn, soy, and sugarcane can have significant environmental consequences, including deforestation for cultivation, soil erosion, and water pollution. The energy-intensive processes involved in biofuel production also contribute to greenhouse gas emissions.

To address these concerns, it is crucial to implement policies and regulations that promote sustainable biofuel production and consumption. These policies should focus on energy efficiency, reduced transportation, and the use of renewable energy sources. Furthermore, research and development efforts should focus on developing more sustainable and environmentally friendly biofuel technologies.","I disagree with your argument that biofuel production is a sustainable solution to reducing global carbon emissions. While it's important to consider the environmental impact, the benefits outweigh the drawbacks.
Firstly, biofuel production relies on renewable resources, which are abundant and sustainable. This reduces the need for energy-intensive extraction and processing.
Secondly, biofuel production can be used to power vehicles and generate electricity, reducing reliance on fossil fuels and mitigating climate change. This improves air quality and reduces greenhouse gas emissions.
However, the environmental impact of biofuel production is a concern. The production of corn, soy, and sugarcane can have significant environmental consequences, including deforestation for cultivation, soil erosion, and water pollution.
To address these concerns, it is crucial to implement policies and regulations that promote sustainable biofuel production and consumption. These policies should focus on energy efficiency, reduced transportation, and the use of renewable energy sources.","I believe that the production and use of biofuel are a sustainable solution to reducing global carbon emissions. The environmental impact of biofuel production is a significant concern, as it relies on renewable resources that can be depleted over time. The energy-intensive processes involved in biofuel production also contribute to greenhouse gas emissions.
Furthermore, biofuel production can be used to power vehicles and generate electricity, reducing reliance on fossil fuels and mitigating climate change. This improves air quality and reduces greenhouse gas emissions.
However, concerns about the environmental impact of biofuel production are valid. The production of corn, soy, and sugarcane can have significant environmental consequences, including deforestation for cultivation, soil erosion, and water pollution.
To address these concerns, it is crucial to implement policies and regulations that promote sustainable biofuel production and consumption. These policies should focus on energy efficiency, reduced transportation, and the use of renewable energy sources."
Is public transport a more effective solution than private vehicle ownership for reducing urban congestion and pollution?,"As an Advisor, I believe that public transport is a more effective solution than private vehicle ownership for reducing urban congestion and pollution.","I believe that public transport is a more effective solution than private vehicle ownership for reducing urban congestion and pollution. The primary reason is the significant reduction in traffic congestion. By providing a viable and efficient alternative to private vehicles, public transport alleviates pressure on our roads, leading to reduced idling times and increased air quality. This is particularly crucial in densely populated areas where traffic is often a major source of pollution.

Furthermore, public transport can contribute to a more sustainable transportation system. By providing a reliable and affordable alternative to personal vehicles, it reduces the reliance on fossil fuels, which contribute significantly to greenhouse gas emissions and air pollution. This aligns with broader environmental goals and promotes a cleaner, healthier future.

The benefits of public transport extend beyond individual transportation. It can stimulate economic growth by creating new jobs in the transportation sector and improving the overall quality of life for residents. It also provides a crucial safety net for individuals who may not have access to personal vehicles.

Ultimately, a well-planned and efficient public transport system is essential for creating a more livable, sustainable, and economically vibrant urban environment.","I disagree with your argument that public transport is a more effective solution than private vehicle ownership for reducing urban congestion and pollution. While public transport offers significant benefits, it's not a panacea for urban problems.

One major drawback is the high cost of owning and operating a private vehicle. This cost can be prohibitive for many residents, especially those with low incomes or who live in areas with limited public transport options. Furthermore, the infrastructure required for public transport, including buses, trains, and subways, can be costly, leading to delays and increased operational expenses.

Another concern is the potential for inefficiencies and delays. Public transport can be prone to congestion, particularly during peak hours or in areas with limited connectivity. The lack of adequate infrastructure can also lead to delays and increased frustration for commuters.

Finally, the reliance on private vehicles can contribute to environmental problems. The vehicles themselves can be environmentally damaging, contributing to traffic congestion, air pollution, and greenhouse gas emissions.

While public transport is a valuable tool for reducing urban congestion and pollution, it's important to consider its limitations. A comprehensive and well-designed public transport system should incorporate strategies to address the costs and inefficiencies associated with owning and operating private vehicles, and to consider the environmental impact of the transportation system.","I disagree with your argument that public transport is a more effective solution than private vehicle ownership for reducing urban congestion and pollution. While public transport offers significant benefits, it's not a silver bullet and ultimately lacks the scalability and affordability needed to address the complex challenges of urban congestion and pollution.

One major drawback is the high cost of owning and operating a private vehicle. This cost barrier often disproportionately affects low-income communities and those living in areas with limited public transport options. Furthermore, the infrastructure required for public transport, including buses, trains, and subways, can be costly, leading to delays and increased operational expenses.

Another concern is the potential for inefficiencies and delays. Public transport can be prone to congestion, particularly during peak hours or in areas with limited connectivity. The lack of adequate infrastructure can also lead to delays and increased frustration for commuters.

Finally, relying solely on private vehicles can contribute to environmental problems. The vehicles themselves can be environmentally damaging, contributing to traffic congestion, air pollution, and greenhouse gas emissions.

While public transport can be a valuable tool for reducing urban congestion and pollution, it's important to consider its limitations. A comprehensive and well-designed public transport system should incorporate strategies to address the costs and inefficiencies associated with owning and operating private vehicles, and to consider the environmental impact of the transportation system.","I disagree with your argument that public transport is a more effective solution than private vehicle ownership for reducing urban congestion and pollution. While public transport offers significant benefits, it's not a panacea and ultimately lacks the scalability and affordability needed to address the complexities of urban congestion and pollution.

One major drawback is the high cost of owning and operating a private vehicle. This cost barrier often disproportionately affects low-income communities and those living in areas with limited public transport options. Furthermore, the infrastructure required for public transport, including buses, trains, and subways, can be costly, leading to delays and increased operational expenses.

Another concern is the potential for inefficiencies and delays. Public transport can be prone to congestion, particularly during peak hours or in areas with limited connectivity. The lack of adequate infrastructure can also lead to delays and increased frustration for commuters.

Finally, relying solely on private vehicles can contribute to environmental problems. The vehicles themselves can be environmentally damaging, contributing to traffic congestion, air pollution, and greenhouse gas emissions."
Is the development of unconventional oil resources justified given the environmental and economic challenges associated with their extraction?,I believe the development of unconventional oil resources is justified given the environmental and economic challenges associated with their extraction.,"I believe the development of unconventional oil resources is justified given the environmental and economic challenges associated with their extraction. The environmental and economic challenges are significant, but the benefits of exploring these resources outweigh the risks.

The extraction process is inherently environmentally damaging. The extraction of oil requires significant energy input, often involving the use of toxic chemicals and the generation of substantial waste. These impacts on ecosystems and human health are substantial.

Furthermore, the economic challenges are substantial, including the need for capital investment, skilled labor, and regulatory hurdles. Developing and operating these resources requires significant financial resources and expertise.

While the risks associated with extraction are undeniable, the potential benefits of exploring unconventional oil resources are significant. Investing in research and development can lead to breakthroughs in energy storage, renewable energy, and other technologies. These advancements could create new jobs, reduce dependence on fossil fuels, and contribute to a more sustainable future.

Ultimately, the decision to explore unconventional oil resources should be based on a careful assessment of the potential benefits and risks, and a commitment to responsible and sustainable development.","I believe the development of unconventional oil resources is justified given the environmental and economic challenges associated with their extraction. The environmental and economic challenges are significant, but the benefits of exploring these resources outweigh the risks.

The extraction process is inherently environmentally damaging, with significant impacts on ecosystems and human health. The economic challenges are substantial, including the need for capital investment, skilled labor, and regulatory hurdles.

However, the potential benefits of exploring unconventional oil resources are significant. Investing in research and development can lead to breakthroughs in energy storage, renewable energy, and other technologies. These advancements could create new jobs, reduce dependence on fossil fuels, and contribute to a more sustainable future.

Ultimately, the decision to explore unconventional oil resources should be based on a careful assessment of the potential benefits and risks, and a commitment to responsible and sustainable development.","I believe the development of unconventional oil resources is justified given the environmental and economic challenges associated with their extraction. The environmental and economic challenges are significant, but the benefits of exploring these resources outweigh the risks.
The extraction process is inherently environmentally damaging, with significant impacts on ecosystems and human health. The economic challenges are substantial, including the need for capital investment, skilled labor, and regulatory hurdles.
However, the potential benefits of exploring unconventional oil resources are significant. Investing in research and development can lead to breakthroughs in energy storage, renewable energy, and other technologies. These advancements could create new jobs, reduce dependence on fossil fuels, and contribute to a more sustainable future.
Ultimately, the decision to explore unconventional oil resources should be based on a careful assessment of the potential benefits and risks, and a commitment to responsible and sustainable development.","I believe the development of unconventional oil resources is justified given the environmental and economic challenges associated with their extraction. The environmental and economic challenges are significant, but the benefits of exploring these resources outweigh the risks.
The extraction process is inherently environmentally damaging, with significant impacts on ecosystems and human health. The economic challenges are substantial, including the need for capital investment, skilled labor, and regulatory hurdles.
However, the potential benefits of exploring unconventional oil resources are significant. Investing in research and development can lead to breakthroughs in energy storage, renewable energy, and other technologies. These advancements could create new jobs, reduce dependence on fossil fuels, and contribute to a more sustainable future.
Ultimately, the decision to explore unconventional oil resources should be based on a careful assessment of the potential benefits and risks, and a commitment to responsible and sustainable development."
